,max_Fm,max_NPQ,max_Fo,max_PSII
WT 1.1.1,1.593,1.718430034129693,0.467,0.7068424356559949
